<?xml version="1.0" encoding="utf-8"?>
<!-- Fig. 25.19: AdRotatorInformation.xml -->
<!-- XML file containing advertisement information. -->
<Advertisements>
   <Ad>
      <ImageUrl>images/france.png</ImageUrl>
      <NavigateUrl>http://www.odci.gov/cia/publications/factbook/geos/fr.html</NavigateUrl>
      <AlternateText>France Information</AlternateText>
      <Impressions>1</Impressions>
   </Ad>

   <Ad>
      <ImageUrl>images/germany.png</ImageUrl>
      <NavigateUrl>http://www.odci.gov/cia/publications/factbook/geos/gm.html</NavigateUrl>
      <AlternateText>Germany Information</AlternateText>
      <Impressions>1</Impressions>
   </Ad>

   <Ad>
      <ImageUrl>images/italy.png</ImageUrl>
      <NavigateUrl>http://www.odci.gov/cia/publications/factbook/geos/it.html</NavigateUrl>
      <AlternateText>Italy Information</AlternateText>
      <Impressions>1</Impressions>
   </Ad>

   <Ad>
      <ImageUrl>images/spain.png</ImageUrl>
      <NavigateUrl>http://www.odci.gov/cia/publications/factbook/geos/sp.html</NavigateUrl>
      <AlternateText>Spain Information</AlternateText>
      <Impressions>1</Impressions>
   </Ad>

   <Ad>
      <ImageUrl>images/latvia.png</ImageUrl>
      <NavigateUrl>http://www.odci.gov/cia/publications/factbook/geos/lg.html</NavigateUrl>
      <AlternateText>Latvia Information</AlternateText>
      <Impressions>1</Impressions>
   </Ad>

   <Ad>
      <ImageUrl>images/peru.png</ImageUrl>
      <NavigateUrl>http://www.odci.gov/cia/publications/factbook/geos/pe.html</NavigateUrl>
      <AlternateText>Peru Information</AlternateText>
      <Impressions>1</Impressions>
   </Ad>

   <Ad>
      <ImageUrl>images/senegal.png</ImageUrl>
      <NavigateUrl>http://www.odci.gov/cia/publications/factbook/geos/sg.html</NavigateUrl>
      <AlternateText>Senegal Information</AlternateText>
      <Impressions>1</Impressions>
   </Ad>

   <Ad>
      <ImageUrl>images/sweden.png</ImageUrl>
      <NavigateUrl>http://www.odci.gov/cia/publications/factbook/geos/sw.html</NavigateUrl>
      <AlternateText>Sweden Information</AlternateText>
      <Impressions>1</Impressions>
   </Ad>

   <Ad>
      <ImageUrl>images/thailand.png</ImageUrl>
      <NavigateUrl>http://www.odci.gov/cia/publications/factbook/geos/th.html</NavigateUrl>
      <AlternateText>Thailand Information</AlternateText>
      <Impressions>1</Impressions>
   </Ad>

   <Ad>
      <ImageUrl>images/unitedstates.png</ImageUrl>
      <NavigateUrl>http://www.odci.gov/cia/publications/factbook/geos/us.html</NavigateUrl>
      <AlternateText>United States Information</AlternateText>
      <Impressions>1</Impressions>
   </Ad>
</Advertisements>

<!--
**************************************************************************
* (C) Copyright 1992-2008 by Deitel & Associates, Inc. and               *
* Pearson Education, Inc. All Rights Reserved.                           *
*                                                                        *
* DISCLAIMER: The authors and publisher of this book have used their     *
* best efforts in preparing the book. These efforts include the          *
* development, research, and testing of the theories and programs        *
* to determine their effectiveness. The authors and publisher make       *
* no warranty of any kind, expressed or implied, with regard to these    *
* programs or to the documentation contained in these books. The authors *
* and publisher shall not be liable in any event for incidental or       *
* consequential damages in connection with, or arising out of, the       *
* furnishing, performance, or use of these programs.                     *
**************************************************************************
-->