<?xml version = "1.0"?>

<!-- Fig. 14.11: book.xml -->
<!-- Book list marked up as XML -->
<deitel:books xmlns:deitel = "http://www.deitel.com/booklist">
   <book>
      <title>Visual Basic 2005 How to Program, 3/e</title>
   </book>
   <book>
      <title>Visual C# 2005 How to Program, 2/e</title>
   </book>
   <book>
      <title>Java How to Program, 7/e</title>
   </book>
   <book>
      <title>C++ How to Program, 6/e</title>
   </book>
   <book>
      <title>Internet and World Wide Web How to Program, 4/e</title>
   </book>
</deitel:books>


<!-- 
 ************************************************************************** 
 * (C) Copyright 1992-2006 by Deitel & Associates, Inc. and               *
 * Pearson Education, Inc. All Rights Reserved.                           *
 *                                                                        *
 * DISCLAIMER: The authors and publisher of this book have used their     *
 * best efforts in preparing the book. These efforts include the          *
 * development, research, and testing of the theories and programs        *
 * to determine their effectiveness. The authors and publisher make       *
 * no warranty of any kind, expressed or implied, with regard to these    *
 * programs or to the documentation contained in these books. The authors *
 * and publisher shall not be liable in any event for incidental or       *
 * consequential damages in connection with, or arising out of, the       *
 * furnishing, performance, or use of these programs.                     *
 **************************************************************************
-->