<?xml version = "1.0"?>

<!-- Fig. 14.2: article.xml -->
<!-- Article structured with XML -->
<article>
   <title>Simple XML</title>
   <date>July 4, 2007</date>
   <author>                      
      <firstName>John</firstName>
      <lastName>Doe</lastName>   
   </author>                     
   <summary>XML is pretty easy.</summary>
   <content>This chapter presents examples that use XML.</content>
</article>


<!-- 
 ************************************************************************** 
 * (C) Copyright 1992-2006 by Deitel & Associates, Inc. and               *
 * Pearson Education, Inc. All Rights Reserved.                           *
 *                                                                        *
 * DISCLAIMER: The authors and publisher of this book have used their     *
 * best efforts in preparing the book. These efforts include the          *
 * development, research, and testing of the theories and programs        *
 * to determine their effectiveness. The authors and publisher make       *
 * no warranty of any kind, expressed or implied, with regard to these    *
 * programs or to the documentation contained in these books. The authors *
 * and publisher shall not be liable in any event for incidental or       *
 * consequential damages in connection with, or arising out of, the       *
 * furnishing, performance, or use of these programs.                     *
 **************************************************************************
-->